Total Steps,Cadence (steps/min),Stride Symmetry Ratio,Shuffling Count
87,186.75501280630405,0.8444677865668757,292
5,10.024395708263523,0.6938577377807026,1101
