Total Steps,Cadence (steps/min),Stride Symmetry Ratio,Shuffling Count
0,0.0,0.8903030138443535,1310
3,6.257123580057795,0.8476155274314603,1219
